filename,width,height,class,xmin,ymin,xmax,ymax
cats_001.jpg,474,266,cat,132,1,347,264
cats_002.jpg,474,474,cat,176,44,467,433
cats_003.jpg,474,314,cat,53,1,397,314
cats_004.jpg,474,355,cat,1,1,393,335
cats_005.jpg,474,316,cat,80,1,407,316
cats_006.jpg,474,266,cat,177,21,345,243
cats_008.jpg,474,355,cat,63,1,417,355
cats_009.jpg,474,343,cat,1,1,380,342
cats_010.jpg,474,266,cat,1,1,383,266
cats_011.jpg,474,266,cat,12,1,444,260
cats_012.jpg,474,711,cat,119,143,474,608
cats_013.jpg,474,522,cat,1,1,474,522
cats_014.jpg,474,266,cat,151,1,447,266
cats_015.jpg,180,300,cat,9,7,175,295
cats_016.jpg,474,355,cat,30,85,233,355
cats_016.jpg,474,355,cat,183,4,326,355
cats_016.jpg,474,355,cat,290,62,445,355
cats_017.jpg,474,316,cat,120,1,474,316
cats_018.jpg,474,631,cat,1,1,474,629
cats_019.jpg,474,314,cat,85,1,474,300
cats_021.jpg,474,355,cat,108,1,385,355
cats_021.jpg,474,355,cat,205,180,473,353
cats_022.jpg,474,266,cat,17,19,389,235
cats_022.jpg,474,266,cat,147,138,345,244
cats_022.jpg,474,266,cat,243,140,456,250
cats_023.jpg,474,266,cat,30,1,360,266
cats_024.jpg,474,338,cat,80,11,390,338
cats_025.jpg,474,649,cat,1,48,419,649
cats_026.jpg,474,316,cat,136,66,247,257
cats_026.jpg,474,316,cat,241,81,391,246
cats_026.jpg,474,316,cat,209,6,297,144
cats_026.jpg,474,316,cat,7,35,83,131
cats_026.jpg,474,316,cat,173,221,435,316
cats_027.jpg,474,266,cat,122,18,474,266
cats_028.jpg,474,296,cat,123,1,432,296
cats_029.jpg,474,316,cat,2,12,234,316
cats_030.jpg,474,266,cat,1,1,474,266
cats_031.jpg,474,266,cat,1,1,399,266
cats_032.jpg,474,266,cat,44,1,400,265
cats_033.jpg,474,632,cat,45,24,472,632
cats_034.jpg,474,632,cat,78,122,474,632
cats_035.jpg,474,266,cat,67,1,421,266
cats_036.jpg,474,266,cat,170,1,441,266
cats_037.jpg,474,366,cat,5,9,350,333
cats_038.jpg,474,379,cat,94,13,442,366
cats_039.jpg,474,313,cat,1,65,395,301
cats_040.jpg,474,384,cat,108,126,473,384
cats_041.jpg,474,267,cat,56,1,344,267
cats_042.jpg,474,338,cat,107,63,371,237
cats_043.jpg,474,355,cat,69,1,458,355
cats_044.jpg,474,315,cat,1,1,445,315
cats_045.jpg,474,315,cat,71,21,407,285
cats_046.jpg,474,296,cat,148,1,404,296
cats_047.jpg,474,316,cat,19,57,337,316
cats_048.jpg,474,708,cat,22,1,416,708
cats_049.jpg,474,266,cat,26,53,99,216
cats_049.jpg,474,266,cat,76,65,162,220
cats_049.jpg,474,266,cat,175,27,301,250
cats_049.jpg,474,266,cat,278,56,352,224
cats_049.jpg,474,266,cat,347,70,437,221
cats_052.jpg,474,317,cat,94,21,275,313
cats_053.jpg,474,316,cat,30,13,474,316
cats_055.jpg,474,715,cat,112,1,416,614
cats_056.jpg,474,315,cat,118,45,394,303
cats_058.jpg,474,315,cat,46,1,423,315
cats_059.jpg,474,266,cat,119,7,367,222
cats_060.jpg,474,366,cat,77,22,372,366
cats_061.jpg,474,355,cat,2,35,473,319
cats_062.jpg,474,711,cat,9,66,396,621
cats_063.jpg,474,266,cat,1,1,374,256
cats_064.jpg,474,355,cat,92,40,221,329
cats_064.jpg,474,355,cat,171,72,473,312
cats_065.jpg,474,632,cat,85,11,389,632
cats_067.jpg,474,422,cat,1,14,424,420
cats_068.jpg,474,632,cat,1,127,474,521
cats_069.jpg,474,304,cat,1,2,455,304
cats_070.jpg,474,266,cat,65,19,331,266
cats_071.jpg,474,296,cat,60,14,374,269
cats_073.jpg,474,266,cat,7,1,474,244
cats_074.jpg,474,355,cat,53,1,426,355
cats_075.jpg,474,237,cat,54,1,462,237
cats_077.jpg,474,266,cat,4,1,474,266
cats_078.jpg,474,632,cat,155,62,394,443
cats_080.jpg,474,265,cat,1,12,272,265
cats_080.jpg,474,265,cat,259,1,474,213
cats_081.jpg,474,296,cat,21,6,291,237
cats_082.jpg,474,316,cat,74,1,474,316
cats_083.jpg,474,266,cat,219,27,474,266
cats_084.jpg,474,266,cat,43,1,426,266
cats_085.jpg,474,711,cat,190,178,431,667
cats_086.jpg,474,317,cat,40,19,469,249
cats_087.jpg,474,292,cat,1,1,386,292
cats_089.jpg,474,322,cat,5,1,452,292
cats_090.jpg,474,316,cat,154,1,411,316
cats_092.jpg,474,479,cat,71,94,366,478
cats_093.jpg,474,315,cat,25,66,365,241
cats_094.jpg,474,315,cat,82,13,242,202
cats_094.jpg,474,315,cat,13,113,350,315
cats_095.jpg,474,266,cat,204,30,438,266
cats_095.jpg,474,266,cat,1,1,215,266
cats_096.jpg,474,790,cat,31,54,426,746
cats_097.jpg,474,486,cat,111,80,472,486
cats_098.jpg,474,266,cat,124,1,417,266
cats_and_monkeys_001.jpg,474,266,cat,144,155,408,265
cats_and_monkeys_001.jpg,474,266,monkey,201,9,474,210
cats_and_monkeys_004.jpg,474,315,cat,80,114,275,248
cats_and_monkeys_004.jpg,474,315,monkey,195,11,473,261
cats_and_monkeys_009.jpg,474,474,cat,161,172,396,474
cats_and_monkeys_009.jpg,474,474,monkey,1,2,374,474
cats_and_monkeys_011.jpg,474,398,monkey,28,1,464,398
cats_and_monkeys_011.jpg,474,398,cat,36,173,265,389
cats_and_monkeys_015.jpg,474,379,cat,50,94,169,362
cats_and_monkeys_015.jpg,474,379,monkey,161,83,474,358
cats_and_monkeys_017.jpg,474,266,cat,1,100,208,251
cats_and_monkeys_017.jpg,474,266,monkey,138,11,451,247
cats_and_monkeys_018.jpg,474,728,cat,29,292,435,711
cats_and_monkeys_018.jpg,474,728,monkey,122,1,473,722
cats_and_monkeys_019.jpg,474,379,cat,195,206,373,379
cats_and_monkeys_019.jpg,474,379,monkey,20,1,350,378
cats_and_monkeys_021.jpg,474,484,monkey,38,11,419,409
cats_and_monkeys_021.jpg,474,484,cat,142,181,341,409
cats_and_monkeys_022.jpg,474,316,cat,156,163,317,290
cats_and_monkeys_022.jpg,474,316,monkey,206,65,364,250
cats_and_monkeys_023.jpg,474,346,monkey,1,41,348,310
cats_and_monkeys_023.jpg,474,346,cat,177,170,444,300
cats_and_monkeys_024.jpg,474,474,cat,10,31,272,447
cats_and_monkeys_024.jpg,474,474,monkey,270,56,461,457
cats_and_monkeys_025.jpg,474,474,cat,219,252,419,474
cats_and_monkeys_025.jpg,474,474,monkey,16,18,401,474
cats_and_monkeys_028.jpg,474,375,cat,27,5,440,353
cats_and_monkeys_028.jpg,474,375,monkey,143,43,265,188
cats_and_monkeys_030.jpg,474,266,monkey,76,1,393,266
cats_and_monkeys_030.jpg,474,266,cat,145,160,266,255
cats_and_monkeys_039.jpg,474,284,cat,184,117,299,265
cats_and_monkeys_039.jpg,474,284,monkey,255,63,474,275
cats_and_monkeys_039.jpg,474,284,dog,143,11,323,127
cats_and_monkeys_041.jpg,474,693,monkey,275,193,474,677
cats_and_monkeys_041.jpg,474,693,cat,14,173,319,485
cats_and_monkeys_041.jpg,474,693,cat,123,473,291,672
cats_and_monkeys_042.jpg,474,355,cat,154,137,411,308
cats_and_monkeys_042.jpg,474,355,monkey,1,130,109,255
cats_and_monkeys_044.jpg,474,275,monkey,19,97,336,252
cats_and_monkeys_044.jpg,474,275,cat,1,18,452,203
cats_and_monkeys_047.jpg,430,300,cat,22,70,134,262
cats_and_monkeys_047.jpg,430,300,monkey,93,1,430,277
cats_and_monkeys_054.jpg,474,315,cat,95,88,426,315
cats_and_monkeys_054.jpg,474,315,monkey,99,9,349,276
cats_and_monkeys_057.jpg,474,316,monkey,1,60,367,242
cats_and_monkeys_057.jpg,474,316,cat,137,85,445,251
cats_and_monkeys_064.jpg,474,461,monkey,27,12,409,461
cats_and_monkeys_064.jpg,474,461,cat,85,182,464,461
cats_and_monkeys_068.jpg,474,296,cat,4,31,474,286
cats_and_monkeys_068.jpg,474,296,monkey,250,27,332,98
cats_and_monkeys_071.jpg,474,652,monkey,1,52,407,569
cats_and_monkeys_071.jpg,474,652,cat,203,304,392,551
cats_and_monkeys_085.jpg,474,518,monkey,47,74,260,441
cats_and_monkeys_085.jpg,474,518,monkey,236,110,446,431
cats_and_monkeys_085.jpg,474,518,cat,138,263,277,429
cats_and_monkeys_088.jpg,474,320,monkey,85,65,464,320
cats_and_monkeys_088.jpg,474,320,monkey,1,1,252,320
cats_and_monkeys_089.jpg,474,355,cat,122,164,366,333
cats_and_monkeys_089.jpg,474,355,monkey,179,25,405,218
cats_and_monkeys_091.jpg,474,266,monkey,219,43,417,266
cats_and_monkeys_091.jpg,474,266,cat,1,1,188,213
cats_and_monkeys_093.jpg,474,355,cat,197,102,351,333
cats_and_monkeys_093.jpg,474,355,monkey,59,42,373,333
cats_and_monkeys_097.jpg,474,378,monkey,15,13,301,309
cats_and_monkeys_097.jpg,474,378,cat,201,27,416,272
cats_groups_000.jpg,474,474,cat,31,287,127,471
cats_groups_000.jpg,474,474,cat,128,226,215,444
cats_groups_000.jpg,474,474,cat,216,241,303,442
cats_groups_000.jpg,474,474,cat,116,158,172,286
cats_groups_000.jpg,474,474,cat,162,147,235,241
cats_groups_000.jpg,474,474,cat,150,73,203,167
cats_groups_000.jpg,474,474,cat,203,34,271,210
cats_groups_000.jpg,474,474,cat,266,67,316,191
cats_groups_000.jpg,474,474,cat,270,125,348,295
cats_groups_000.jpg,474,474,cat,344,105,424,292
cats_groups_001.jpg,474,256,cat,1,120,165,240
cats_groups_001.jpg,474,256,cat,131,61,210,175
cats_groups_001.jpg,474,256,cat,134,107,284,230
cats_groups_001.jpg,474,256,cat,333,15,474,242
cats_groups_001.jpg,474,256,cat,270,17,452,241
cats_groups_002.jpg,474,321,cat,32,108,176,263
cats_groups_002.jpg,474,321,cat,113,59,218,264
cats_groups_002.jpg,474,321,cat,205,59,298,247
cats_groups_002.jpg,474,321,cat,280,58,371,254
cats_groups_002.jpg,474,321,cat,357,75,441,238
cats_groups_003.jpg,474,355,cat,1,117,264,355
cats_groups_003.jpg,474,355,cat,130,28,321,315
cats_groups_003.jpg,474,355,cat,187,28,474,355
cats_groups_005.jpg,474,315,cat,35,91,118,250
cats_groups_005.jpg,474,315,cat,109,150,209,240
cats_groups_005.jpg,474,315,cat,179,52,269,243
cats_groups_005.jpg,474,315,cat,269,93,339,243
cats_groups_005.jpg,474,315,cat,335,98,450,249
cats_groups_006.jpg,474,480,cat,234,202,474,480
cats_groups_006.jpg,474,480,cat,9,5,267,480
cats_groups_006.jpg,474,480,cat,268,27,472,240
cats_groups_007.jpg,474,208,cat,10,94,123,170
cats_groups_007.jpg,474,208,cat,117,35,206,173
cats_groups_007.jpg,474,208,cat,192,71,300,162
cats_groups_007.jpg,474,208,cat,295,40,380,176
cats_groups_007.jpg,474,208,cat,371,77,467,167
cats_groups_008.jpg,474,266,cat,28,43,120,248
cats_groups_008.jpg,474,266,cat,115,38,193,244
cats_groups_008.jpg,474,266,cat,185,41,293,249
cats_groups_008.jpg,474,266,cat,276,19,364,244
cats_groups_008.jpg,474,266,cat,348,40,433,245
cats_groups_009.jpg,474,296,cat,14,101,120,223
cats_groups_009.jpg,474,296,cat,69,100,198,212
cats_groups_009.jpg,474,296,cat,189,73,288,205
cats_groups_009.jpg,474,296,cat,286,89,399,208
cats_groups_009.jpg,474,296,cat,373,49,454,192
cats_groups_010.jpg,474,402,cat,26,138,147,369
cats_groups_010.jpg,474,402,cat,229,45,323,402
cats_groups_010.jpg,474,402,cat,312,56,389,291
cats_groups_010.jpg,474,402,cat,166,115,248,264
cats_groups_010.jpg,474,402,cat,366,104,467,215
cats_groups_011.jpg,474,212,cat,29,34,137,197
cats_groups_011.jpg,474,212,cat,126,9,208,197
cats_groups_011.jpg,474,212,cat,200,40,266,197
cats_groups_011.jpg,474,212,cat,265,114,458,201
cats_groups_011.jpg,474,212,cat,259,11,365,118
cats_groups_012.jpg,474,261,cat,45,135,125,244
cats_groups_012.jpg,474,261,cat,57,48,203,239
cats_groups_012.jpg,474,261,cat,192,124,265,239
cats_groups_012.jpg,474,261,cat,243,58,312,235
cats_groups_012.jpg,474,261,cat,295,129,447,243
cats_groups_016.jpg,474,316,cat,49,58,136,218
cats_groups_016.jpg,474,316,cat,169,36,262,176
cats_groups_016.jpg,474,316,cat,324,105,423,299
cats_groups_016.jpg,474,316,cat,329,16,383,116
cats_groups_018.jpg,474,355,cat,164,2,449,205
cats_groups_018.jpg,474,355,cat,123,98,382,355
cats_groups_018.jpg,474,355,cat,63,53,262,295
cats_groups_021.jpg,474,355,cat,59,214,172,355
cats_groups_021.jpg,474,355,cat,185,224,294,355
cats_groups_021.jpg,474,355,cat,300,242,404,355
cats_groups_021.jpg,474,355,cat,1,124,77,260
cats_groups_021.jpg,474,355,cat,1,247,63,327
cats_groups_021.jpg,474,355,cat,49,120,172,268
cats_groups_021.jpg,474,355,cat,210,125,334,269
cats_groups_021.jpg,474,355,cat,334,160,433,355
cats_groups_021.jpg,474,355,cat,113,49,208,176
cats_groups_021.jpg,474,355,cat,7,30,102,141
cats_groups_021.jpg,474,355,cat,16,1,101,63
cats_groups_021.jpg,474,355,cat,105,1,179,74
cats_groups_021.jpg,474,355,cat,175,1,291,130
cats_groups_021.jpg,474,355,cat,322,1,415,80
cats_groups_021.jpg,474,355,cat,291,65,380,198
cats_groups_021.jpg,474,355,cat,376,85,473,228
cats_groups_021.jpg,474,355,cat,372,8,474,106
cats_groups_022.jpg,474,464,cat,2,58,105,395
cats_groups_022.jpg,474,464,cat,76,32,202,396
cats_groups_022.jpg,474,464,cat,181,26,293,398
cats_groups_022.jpg,474,464,cat,282,41,377,382
cats_groups_022.jpg,474,464,cat,371,47,474,387
cats_groups_026.jpg,474,655,cat,1,92,289,516
cats_groups_026.jpg,474,655,cat,263,310,418,552
cats_groups_026.jpg,474,655,cat,98,148,388,539
cats_groups_027.jpg,474,267,cat,178,78,223,144
cats_groups_027.jpg,474,267,cat,263,137,389,234
cats_groups_027.jpg,474,267,cat,228,109,265,209
cats_groups_027.jpg,474,267,cat,92,99,179,191
cats_groups_027.jpg,474,267,cat,357,83,474,178
cats_groups_027.jpg,474,267,cat,318,80,416,146
cats_groups_027.jpg,474,267,cat,34,117,91,185
cats_groups_028.jpg,474,316,cat,37,3,185,309
cats_groups_028.jpg,474,316,cat,350,65,474,316
cats_groups_028.jpg,474,316,cat,153,14,276,290
cats_groups_028.jpg,474,316,cat,253,19,360,316
cats_groups_030.jpg,474,298,cat,31,40,121,146
cats_groups_030.jpg,474,298,cat,6,106,147,230
cats_groups_030.jpg,474,298,cat,132,114,252,239
cats_groups_030.jpg,474,298,cat,137,48,220,143
cats_groups_030.jpg,474,298,cat,243,72,307,218
cats_groups_030.jpg,474,298,cat,245,152,474,298
cats_groups_030.jpg,474,298,cat,316,48,435,227
cats_groups_033.jpg,474,315,cat,26,128,139,236
cats_groups_033.jpg,474,315,cat,121,102,217,237
cats_groups_033.jpg,474,315,cat,210,148,312,235
cats_groups_033.jpg,474,315,cat,315,70,419,236
cats_groups_035.jpg,474,314,cat,1,24,194,314
cats_groups_035.jpg,474,314,cat,147,31,264,163
cats_groups_035.jpg,474,314,cat,153,26,338,314
cats_groups_035.jpg,474,314,cat,335,26,449,314
cats_groups_036.jpg,474,315,cat,72,78,200,296
cats_groups_036.jpg,474,315,cat,179,119,360,278
cats_groups_036.jpg,474,315,cat,280,29,421,291
cats_groups_037.jpg,474,315,cat,55,13,308,244
cats_groups_037.jpg,474,315,cat,244,51,428,264
cats_groups_040.jpg,474,286,cat,8,67,68,130
cats_groups_040.jpg,474,286,cat,47,132,113,179
cats_groups_040.jpg,474,286,cat,86,73,169,130
cats_groups_040.jpg,474,286,cat,100,41,156,85
cats_groups_040.jpg,474,286,cat,171,98,222,129
cats_groups_040.jpg,474,286,cat,182,124,255,179
cats_groups_040.jpg,474,286,cat,211,196,261,261
cats_groups_040.jpg,474,286,cat,259,158,319,228
cats_groups_040.jpg,474,286,cat,207,82,242,128
cats_groups_040.jpg,474,286,cat,296,58,355,128
cats_groups_040.jpg,474,286,cat,364,65,431,130
cats_groups_040.jpg,474,286,cat,326,131,389,180
cats_groups_040.jpg,474,286,cat,396,133,456,222
cats_groups_040.jpg,474,286,cat,395,211,470,277
cats_groups_043.jpg,474,316,cat,28,133,98,205
cats_groups_043.jpg,474,316,cat,96,110,153,194
cats_groups_043.jpg,474,316,cat,144,138,202,207
cats_groups_043.jpg,474,316,cat,237,129,295,204
cats_groups_043.jpg,474,316,cat,199,111,250,188
cats_groups_043.jpg,474,316,cat,299,136,347,189
cats_groups_043.jpg,474,316,cat,350,142,407,194
cats_groups_043.jpg,474,316,cat,402,98,454,182
cats_groups_044.jpg,474,331,cat,1,111,93,317
cats_groups_044.jpg,474,331,cat,89,113,168,317
cats_groups_044.jpg,474,331,cat,180,103,269,311
cats_groups_044.jpg,474,331,cat,264,124,344,302
cats_groups_044.jpg,474,331,cat,343,6,474,323
cats_groups_047.jpg,474,480,cat,13,125,238,418
cats_groups_047.jpg,474,480,cat,90,30,198,154
cats_groups_047.jpg,474,480,cat,172,214,337,458
cats_groups_047.jpg,474,480,cat,180,135,246,211
cats_groups_047.jpg,474,480,cat,247,161,370,362
cats_groups_047.jpg,474,480,cat,255,19,311,97
cats_groups_047.jpg,474,480,cat,248,100,310,169
cats_groups_047.jpg,474,480,cat,304,61,374,155
cats_groups_047.jpg,474,480,cat,345,97,454,221
cats_groups_047.jpg,474,480,cat,231,89,290,128
cats_groups_053.jpg,474,266,cat,1,57,124,236
cats_groups_053.jpg,474,266,cat,121,61,358,224
cats_groups_053.jpg,474,266,cat,376,72,474,205
cats_groups_053.jpg,474,266,cat,301,52,418,154
cats_groups_055.jpg,474,434,cat,47,90,183,390
cats_groups_055.jpg,474,434,cat,114,28,267,387
cats_groups_056.jpg,474,430,cat,47,119,192,321
cats_groups_056.jpg,474,430,cat,96,50,167,170
cats_groups_056.jpg,474,430,cat,160,170,310,363
cats_groups_056.jpg,474,430,cat,275,53,384,196
cats_groups_056.jpg,474,430,cat,321,138,433,340
cats_groups_058.jpg,474,354,cat,72,181,152,275
cats_groups_058.jpg,474,354,cat,230,148,305,194
cats_groups_058.jpg,474,354,cat,367,265,426,329
cats_groups_058.jpg,474,354,cat,328,149,413,207
cats_groups_058.jpg,474,354,cat,133,103,211,156
cats_groups_058.jpg,474,354,cat,91,64,150,138
cats_groups_058.jpg,474,354,cat,98,49,131,73
cats_groups_059.jpg,474,474,cat,43,172,257,290
cats_groups_059.jpg,474,474,cat,207,131,443,435
cats_groups_059.jpg,474,474,cat,235,61,350,154
cats_groups_059.jpg,474,474,cat,146,119,235,199
cats_groups_060.jpg,474,266,cat,33,53,126,203
cats_groups_060.jpg,474,266,cat,109,1,245,266
cats_groups_060.jpg,474,266,cat,244,74,309,215
cats_groups_060.jpg,474,266,cat,306,49,428,262
cats_groups_065.jpg,474,345,cat,230,222,314,314
cats_groups_065.jpg,474,345,cat,307,66,451,320
cats_groups_065.jpg,474,345,cat,17,58,190,325
cats_groups_065.jpg,474,345,cat,165,52,348,225
cats_groups_066.jpg,474,296,cat,66,79,219,296
cats_groups_066.jpg,474,296,cat,218,97,334,282
cats_groups_066.jpg,474,296,cat,186,24,290,126
cats_groups_066.jpg,474,296,cat,258,1,355,90
cats_groups_066.jpg,474,296,cat,293,67,425,259
cats_groups_067.jpg,474,386,cat,36,19,187,317
cats_groups_067.jpg,474,386,cat,124,180,217,352
cats_groups_067.jpg,474,386,cat,205,217,361,359
cats_groups_067.jpg,474,386,cat,262,25,437,316
cats_groups_070.jpg,474,223,cat,49,19,461,223
cats_groups_070.jpg,474,223,cat,112,1,474,223
cats_groups_071.jpg,474,841,cat,176,382,341,770
cats_groups_071.jpg,474,841,cat,136,292,363,730
cats_groups_072.jpg,474,316,cat,27,6,270,154
cats_groups_072.jpg,474,316,cat,1,124,295,316
cats_groups_072.jpg,474,316,cat,93,8,393,286
cats_groups_080.jpg,474,474,cat,1,144,246,425
cats_groups_080.jpg,474,474,cat,122,39,458,421
cats_groups_080.jpg,474,474,cat,316,163,474,393
cats_groups_083.jpg,474,240,cat,34,45,162,240
cats_groups_083.jpg,474,240,cat,167,14,302,240
cats_groups_083.jpg,474,240,cat,294,28,464,240
cats_groups_091.jpg,450,300,cat,126,153,288,266
cats_groups_091.jpg,450,300,cat,170,100,264,169
cats_groups_091.jpg,450,300,cat,249,18,417,163
cats_groups_093.jpg,474,281,cat,58,8,160,150
cats_groups_093.jpg,474,281,cat,150,45,213,161
cats_groups_093.jpg,474,281,cat,208,11,302,160
cats_groups_093.jpg,474,281,cat,340,14,426,158
cats_groups_093.jpg,474,281,cat,275,19,358,158
cats_groups_096.jpg,474,355,cat,285,115,416,277
cats_groups_096.jpg,474,355,cat,10,98,183,283
cats_groups_096.jpg,474,355,cat,147,76,251,276
cats_groups_096.jpg,474,355,cat,322,35,471,206
cats_groups_096.jpg,474,355,cat,210,30,329,242
cats_groups_097.jpg,474,316,cat,1,179,113,284
cats_groups_097.jpg,474,316,cat,257,222,356,316
cats_groups_097.jpg,474,316,cat,1,138,179,197
cats_groups_097.jpg,474,316,cat,213,153,413,224
cats_groups_097.jpg,474,316,cat,1,14,131,123
cats_groups_097.jpg,474,316,cat,106,1,202,123
cats_groups_097.jpg,474,316,cat,164,1,204,27
cats_groups_097.jpg,474,316,cat,187,1,274,69
cats_groups_097.jpg,474,316,cat,223,1,291,125
cats_groups_097.jpg,474,316,cat,278,1,328,103
cats_groups_097.jpg,474,316,cat,284,1,431,131
cats_groups_097.jpg,474,316,cat,312,13,407,88
cats_groups_097.jpg,474,316,cat,405,39,474,120
cats_groups_097.jpg,474,316,cat,398,115,474,218
dogs_000.jpg,474,314,dog,104,33,371,268
dogs_001.jpg,474,648,dog,14,67,430,648
dogs_002.jpg,474,306,dog,288,46,444,234
dogs_002.jpg,474,306,dog,1,58,220,227
dogs_002.jpg,474,306,dog,171,120,332,237
dogs_003.jpg,474,316,dog,46,21,474,316
dogs_004.jpg,474,316,dog,99,7,454,316
dogs_005.jpg,474,266,dog,1,1,412,266
dogs_006.jpg,474,317,dog,71,1,461,317
dogs_007.jpg,474,473,dog,11,7,474,473
dogs_008.jpg,474,315,dog,13,8,441,257
dogs_009.jpg,474,355,dog,18,10,266,346
dogs_009.jpg,474,355,dog,210,86,462,344
dogs_010.jpg,474,316,dog,1,7,369,316
dogs_011.jpg,474,355,dog,150,43,315,333
dogs_012.jpg,474,316,dog,186,49,352,269
dogs_013.jpg,474,316,dog,58,32,305,316
dogs_014.jpg,474,266,dog,105,5,472,266
dogs_015.jpg,474,316,dog,6,60,379,291
dogs_015.jpg,474,316,dog,255,122,436,275
dogs_015.jpg,474,316,dog,155,123,246,226
dogs_015.jpg,474,316,dog,402,123,449,159
dogs_015.jpg,474,316,dog,183,139,265,223
dogs_016.jpg,474,355,dog,58,20,348,344
dogs_018.jpg,474,367,dog,8,46,228,346
dogs_018.jpg,474,367,dog,240,59,474,357
dogs_019.jpg,474,316,dog,74,26,303,315
dogs_020.jpg,474,711,dog,62,13,419,704
dogs_021.jpg,474,710,dog,36,78,313,694
dogs_023.jpg,474,379,dog,90,44,422,353
dogs_024.jpg,474,355,dog,18,57,136,353
dogs_024.jpg,474,355,dog,102,61,217,355
dogs_024.jpg,474,355,dog,228,51,403,355
dogs_024.jpg,474,355,dog,346,47,460,346
dogs_025.jpg,474,710,dog,40,1,474,710
dogs_026.jpg,474,309,dog,75,25,356,308
dogs_027.jpg,474,322,dog,74,31,394,322
dogs_028.jpg,474,711,dog,53,150,469,711
dogs_029.jpg,474,647,dog,65,33,449,601
dogs_030.jpg,474,443,dog,60,25,466,430
dogs_031.jpg,474,316,dog,9,2,406,316
dogs_032.jpg,474,266,dog,23,1,392,266
dogs_034.jpg,474,663,dog,136,130,337,566
dogs_036.jpg,474,338,dog,122,68,365,296
dogs_037.jpg,474,355,dog,1,21,443,348
dogs_039.jpg,474,498,dog,1,25,459,498
dogs_040.jpg,474,296,dog,43,21,299,228
dogs_041.jpg,474,355,dog,14,1,393,355
dogs_043.jpg,474,355,dog,211,190,316,315
dogs_043.jpg,474,355,dog,146,25,263,121
dogs_043.jpg,474,355,dog,12,39,113,126
dogs_043.jpg,474,355,dog,30,80,136,173
dogs_043.jpg,474,355,dog,293,149,403,308
dogs_043.jpg,474,355,dog,28,162,128,269
dogs_043.jpg,474,355,dog,59,110,220,303
dogs_043.jpg,474,355,dog,237,74,321,180
dogs_043.jpg,474,355,dog,311,69,389,153
dogs_043.jpg,474,355,dog,375,74,463,295
dogs_044.jpg,474,355,dog,1,48,393,355
dogs_045.jpg,474,355,dog,95,36,348,328
dogs_046.jpg,474,315,dog,38,60,295,315
dogs_047.jpg,474,316,dog,74,57,299,288
dogs_049.jpg,474,296,dog,96,25,322,277
dogs_050.jpg,474,316,dog,33,16,359,304
dogs_051.jpg,474,632,dog,121,34,413,632
dogs_052.jpg,474,316,dog,107,15,450,316
dogs_053.jpg,474,632,dog,58,39,426,597
dogs_054.jpg,474,706,dog,78,155,455,681
dogs_055.jpg,474,338,dog,20,61,389,328
dogs_056.jpg,474,632,dog,1,112,366,614
dogs_057.jpg,474,250,dog,1,68,100,192
dogs_057.jpg,474,250,dog,93,83,193,175
dogs_057.jpg,474,250,dog,165,40,272,168
dogs_057.jpg,474,250,dog,272,86,385,173
dogs_057.jpg,474,250,dog,374,67,473,199
dogs_058.jpg,468,640,dog,47,20,393,621
dogs_060.jpg,474,311,dog,121,18,409,284
dogs_061.jpg,474,316,dog,41,34,417,316
dogs_063.jpg,474,266,dog,16,10,369,266
dogs_064.jpg,450,253,dog,1,98,191,248
dogs_064.jpg,450,253,dog,145,103,393,253
dogs_064.jpg,450,253,dog,216,29,432,159
dogs_064.jpg,450,253,dog,73,11,167,154
dogs_064.jpg,450,253,dog,149,11,231,117
dogs_065.jpg,474,320,dog,48,95,160,244
dogs_065.jpg,474,320,cat,140,93,246,228
dogs_065.jpg,474,320,dog,240,78,320,226
dogs_065.jpg,474,320,dog,321,90,418,215
dogs_066.jpg,474,355,dog,33,43,266,291
dogs_066.jpg,474,355,dog,263,70,448,286
dogs_067.jpg,474,355,dog,1,8,431,355
dogs_067.jpg,474,355,cat,2,126,220,342
dogs_068.jpg,474,316,dog,98,69,206,268
dogs_068.jpg,474,316,dog,238,44,381,316
dogs_069.jpg,474,496,dog,85,72,385,433
dogs_071.jpg,474,355,dog,30,30,274,192
dogs_071.jpg,474,355,dog,105,66,231,282
dogs_071.jpg,474,355,dog,192,48,356,289
dogs_071.jpg,474,355,dog,232,176,347,326
dogs_071.jpg,474,355,dog,317,120,474,291
dogs_073.jpg,474,296,dog,140,40,252,198
dogs_073.jpg,474,296,dog,297,28,399,248
dogs_073.jpg,474,296,dog,64,149,420,280
dogs_074.jpg,474,355,dog,46,7,411,355
dogs_075.jpg,474,711,dog,1,27,474,711
dogs_076.jpg,474,248,dog,187,6,376,248
dogs_077.jpg,474,316,dog,165,1,360,290
dogs_078.jpg,300,225,dog,159,50,265,188
dogs_078.jpg,300,225,dog,36,39,174,166
dogs_081.jpg,474,474,dog,47,26,444,442
dogs_082.jpg,474,316,dog,137,1,474,316
dogs_083.jpg,474,712,dog,82,59,377,600
dogs_084.jpg,474,474,dog,89,42,369,451
dogs_087.jpg,474,632,dog,5,64,445,574
dogs_088.jpg,474,316,dog,43,3,474,316
dogs_090.jpg,474,317,dog,1,34,180,317
dogs_090.jpg,474,317,dog,269,35,474,311
dogs_090.jpg,474,317,dog,177,56,243,301
dogs_090.jpg,474,317,dog,225,40,275,296
dogs_091.jpg,474,266,dog,33,1,305,266
dogs_092.jpg,474,316,dog,247,20,474,316
dogs_092.jpg,474,316,dog,21,78,284,306
dogs_094.jpg,474,474,dog,198,112,461,364
dogs_094.jpg,474,474,cat,1,130,242,354
dogs_095.jpg,270,367,dog,10,59,269,349
dogs_096.jpg,474,266,dog,193,7,384,266
dogs_097.jpg,474,319,dog,307,15,474,281
dogs_097.jpg,474,319,dog,1,118,337,275
dogs_099.jpg,474,266,dog,69,1,466,266
dogs_and_cats_000.jpg,474,316,dog,1,15,295,316
dogs_and_cats_000.jpg,474,316,cat,291,6,474,283
dogs_and_cats_002.jpg,474,248,cat,40,99,252,239
dogs_and_cats_002.jpg,474,248,dog,248,72,464,244
dogs_and_cats_005.jpg,474,266,cat,250,135,474,217
dogs_and_cats_005.jpg,474,266,dog,26,50,344,218
dogs_and_cats_006.jpg,474,355,dog,20,1,279,291
dogs_and_cats_006.jpg,474,355,cat,281,59,472,311
dogs_and_cats_010.jpg,474,296,cat,308,67,474,269
dogs_and_cats_010.jpg,474,296,dog,117,22,473,296
dogs_and_cats_011.jpg,474,266,cat,1,90,438,263
dogs_and_cats_011.jpg,474,266,dog,25,5,398,227
dogs_and_cats_012.jpg,474,296,cat,1,73,240,296
dogs_and_cats_012.jpg,474,296,dog,208,1,474,296
dogs_and_cats_013.jpg,474,296,dog,237,18,474,296
dogs_and_cats_013.jpg,474,296,dog,26,1,474,270
dogs_and_cats_015.jpg,474,355,dog,1,10,430,355
dogs_and_cats_015.jpg,474,355,cat,2,127,220,343
dogs_and_cats_018.jpg,474,266,cat,242,93,474,247
dogs_and_cats_018.jpg,474,266,dog,28,1,474,235
dogs_and_cats_020.jpg,474,316,cat,132,25,463,308
dogs_and_cats_020.jpg,474,316,dog,54,30,307,221
dogs_and_cats_023.jpg,474,266,dog,243,31,474,266
dogs_and_cats_023.jpg,474,266,cat,1,5,206,266
dogs_and_cats_024.jpg,474,266,cat,119,1,474,266
dogs_and_cats_024.jpg,474,266,dog,19,4,268,221
dogs_and_cats_025.jpg,474,343,dog,14,20,417,261
dogs_and_cats_025.jpg,474,343,cat,98,151,304,259
dogs_and_cats_026.jpg,474,355,cat,2,60,192,311
dogs_and_cats_026.jpg,474,355,dog,194,1,449,288
dogs_and_cats_027.jpg,474,296,cat,217,1,474,296
dogs_and_cats_027.jpg,474,296,dog,13,15,219,296
dogs_and_cats_029.jpg,474,355,dog,1,24,474,355
dogs_and_cats_029.jpg,474,355,cat,1,63,199,333
dogs_and_cats_031.jpg,474,315,dog,99,47,404,265
dogs_and_cats_031.jpg,474,315,cat,1,119,282,256
dogs_and_cats_033.jpg,474,711,cat,261,298,445,663
dogs_and_cats_033.jpg,474,711,dog,1,121,324,648
dogs_and_cats_034.jpg,474,315,cat,233,110,448,208
dogs_and_cats_034.jpg,474,315,dog,34,95,398,209
dogs_and_cats_035.jpg,474,266,dog,215,18,473,266
dogs_and_cats_035.jpg,474,266,cat,1,1,250,252
dogs_and_cats_036.jpg,474,353,cat,86,172,383,353
dogs_and_cats_036.jpg,474,353,dog,38,2,417,353
dogs_and_cats_038.jpg,474,355,dog,1,21,459,346
dogs_and_cats_038.jpg,474,355,cat,38,85,238,325
dogs_and_cats_039.jpg,474,474,dog,83,67,247,250
dogs_and_cats_039.jpg,474,474,cat,143,250,271,457
dogs_and_cats_040.jpg,474,633,cat,29,294,267,537
dogs_and_cats_040.jpg,474,633,dog,26,61,403,530
dogs_and_cats_042.jpg,474,296,cat,268,1,451,206
dogs_and_cats_042.jpg,474,296,dog,1,1,321,296
dogs_and_cats_044.jpg,474,266,cat,1,47,279,242
dogs_and_cats_044.jpg,474,266,dog,132,39,474,215
dogs_and_cats_045.jpg,474,265,cat,192,7,405,171
dogs_and_cats_045.jpg,474,265,dog,1,37,336,254
dogs_and_cats_046.jpg,474,296,cat,8,2,200,222
dogs_and_cats_046.jpg,474,296,dog,144,1,473,296
dogs_and_cats_048.jpg,474,296,dog,165,132,411,296
dogs_and_cats_048.jpg,474,296,cat,333,91,422,245
dogs_and_cats_048.jpg,474,296,cat,206,76,335,160
dogs_and_cats_048.jpg,474,296,cat,347,69,395,109
dogs_and_cats_052.jpg,474,474,dog,53,10,415,468
dogs_and_cats_052.jpg,474,474,cat,187,74,401,462
dogs_and_cats_053.jpg,474,474,cat,1,130,244,356
dogs_and_cats_053.jpg,474,474,dog,198,109,455,362
dogs_and_cats_054.jpg,474,266,dog,90,1,474,212
dogs_and_cats_054.jpg,474,266,cat,9,111,473,260
dogs_and_cats_056.jpg,474,316,dog,1,121,446,316
dogs_and_cats_056.jpg,474,316,dog,1,1,383,230
dogs_and_cats_057.jpg,474,311,cat,103,54,447,306
dogs_and_cats_057.jpg,474,311,dog,40,42,339,269
dogs_and_cats_066.jpg,450,270,cat,1,40,290,270
dogs_and_cats_066.jpg,450,270,dog,1,26,449,270
dogs_and_cats_069.jpg,474,266,dog,1,1,293,246
dogs_and_cats_069.jpg,474,266,cat,104,29,474,191
dogs_and_cats_070.jpg,474,343,cat,1,42,225,306
dogs_and_cats_070.jpg,474,343,dog,202,43,452,243
dogs_and_cats_071.jpg,474,296,dog,3,64,252,291
dogs_and_cats_071.jpg,474,296,cat,299,51,474,294
dogs_and_cats_073.jpg,460,287,cat,215,4,460,287
dogs_and_cats_073.jpg,460,287,dog,18,16,223,287
dogs_and_cats_075.jpg,474,355,dog,32,103,420,283
dogs_and_cats_075.jpg,474,355,cat,226,73,396,162
dogs_and_cats_076.jpg,474,266,cat,94,56,251,200
dogs_and_cats_076.jpg,474,266,dog,191,60,474,216
dogs_and_cats_081.jpg,474,248,cat,285,26,473,212
dogs_and_cats_081.jpg,474,248,dog,9,50,316,231
dogs_and_cats_083.jpg,474,329,cat,218,32,359,138
dogs_and_cats_083.jpg,474,329,dog,4,71,459,312
dogs_and_cats_084.jpg,474,296,cat,118,47,474,296
dogs_and_cats_084.jpg,474,296,dog,210,41,443,218
dogs_and_cats_086.jpg,474,468,dog,1,116,162,468
dogs_and_cats_086.jpg,474,468,dog,168,26,474,379
dogs_and_cats_088.jpg,474,296,cat,287,149,399,277
dogs_and_cats_088.jpg,474,296,dog,62,45,279,284
dogs_and_cats_089.jpg,474,315,cat,81,77,227,284
dogs_and_cats_089.jpg,474,315,dog,154,38,436,288
dogs_and_cats_090.jpg,474,357,dog,67,62,188,304
dogs_and_cats_090.jpg,474,357,dog,208,31,379,264
dogs_and_cats_090.jpg,474,357,dog,166,104,310,357
dogs_and_cats_092.jpg,474,592,dog,94,242,474,592
dogs_and_cats_092.jpg,474,592,cat,98,159,320,360
dogs_and_cats_094.jpg,474,296,dog,23,1,370,296
dogs_and_cats_094.jpg,474,296,cat,142,196,308,294
dogs_and_cats_095.jpg,474,247,cat,150,48,435,246
dogs_and_cats_095.jpg,474,247,dog,1,1,404,234
dogs_and_cats_097.jpg,474,333,dog,1,1,402,333
dogs_and_cats_097.jpg,474,333,cat,223,140,413,327
dogs_and_cats_098.jpg,474,266,cat,318,97,397,263
dogs_and_cats_098.jpg,474,266,dog,135,1,340,266
dogs_groups_002.jpg,474,474,dog,5,251,114,462
dogs_groups_002.jpg,474,474,dog,92,270,178,440
dogs_groups_002.jpg,474,474,dog,179,260,242,435
dogs_groups_002.jpg,474,474,dog,264,353,317,449
dogs_groups_002.jpg,474,474,dog,1,63,92,250
dogs_groups_002.jpg,474,474,dog,48,188,93,268
dogs_groups_002.jpg,474,474,dog,76,180,135,271
dogs_groups_002.jpg,474,474,dog,128,181,191,272
dogs_groups_002.jpg,474,474,dog,175,157,233,245
dogs_groups_002.jpg,474,474,dog,140,67,204,182
dogs_groups_002.jpg,474,474,dog,199,105,248,157
dogs_groups_002.jpg,474,474,dog,206,162,274,323
dogs_groups_002.jpg,474,474,dog,340,247,423,425
dogs_groups_002.jpg,474,474,dog,264,145,331,259
dogs_groups_002.jpg,474,474,dog,326,187,382,255
dogs_groups_002.jpg,474,474,dog,274,221,360,387
dogs_groups_002.jpg,474,474,dog,377,173,470,276
dogs_groups_002.jpg,474,474,dog,350,147,391,200
dogs_groups_002.jpg,474,474,dog,405,146,474,182
dogs_groups_004.jpg,474,268,dog,28,115,71,223
dogs_groups_004.jpg,474,268,dog,69,119,112,223
dogs_groups_004.jpg,474,268,dog,109,114,160,222
dogs_groups_004.jpg,474,268,dog,153,107,218,224
dogs_groups_004.jpg,474,268,dog,215,93,264,232
dogs_groups_004.jpg,474,268,dog,257,101,326,233
dogs_groups_004.jpg,474,268,dog,301,106,348,218
dogs_groups_004.jpg,474,268,dog,348,106,394,225
dogs_groups_004.jpg,474,268,dog,388,131,448,226
dogs_groups_005.jpg,468,390,dog,4,46,171,377
dogs_groups_005.jpg,468,390,dog,119,194,212,377
dogs_groups_005.jpg,468,390,dog,186,85,275,303
dogs_groups_005.jpg,468,390,dog,230,233,305,384
dogs_groups_005.jpg,468,390,dog,287,4,460,378
dogs_groups_007.jpg,474,592,dog,5,397,106,582
dogs_groups_007.jpg,474,592,dog,96,386,195,557
dogs_groups_007.jpg,474,592,dog,19,242,130,411
dogs_groups_007.jpg,474,592,dog,126,59,165,116
dogs_groups_007.jpg,474,592,dog,82,104,170,241
dogs_groups_007.jpg,474,592,dog,176,116,231,172
dogs_groups_007.jpg,474,592,dog,169,168,211,215
dogs_groups_007.jpg,474,592,dog,101,213,175,271
dogs_groups_007.jpg,474,592,dog,128,268,217,389
dogs_groups_007.jpg,474,592,dog,179,194,250,376
dogs_groups_007.jpg,474,592,dog,192,378,282,556
dogs_groups_007.jpg,474,592,dog,252,320,321,458
dogs_groups_007.jpg,474,592,dog,267,334,383,522
dogs_groups_007.jpg,474,592,dog,354,370,473,591
dogs_groups_007.jpg,474,592,dog,398,269,472,379
dogs_groups_007.jpg,474,592,dog,211,164,294,296
dogs_groups_007.jpg,474,592,dog,284,129,344,214
dogs_groups_007.jpg,474,592,dog,337,129,370,164
dogs_groups_007.jpg,474,592,dog,351,8,465,254
dogs_groups_007.jpg,474,592,dog,317,162,391,221
dogs_groups_007.jpg,474,592,dog,281,215,353,290
dogs_groups_007.jpg,474,592,dog,261,270,331,339
dogs_groups_007.jpg,474,592,dog,356,198,459,373
dogs_groups_017.jpg,474,313,dog,15,129,151,288
dogs_groups_017.jpg,474,313,dog,143,126,267,275
dogs_groups_017.jpg,474,313,dog,264,114,383,261
dogs_groups_017.jpg,474,313,dog,360,97,474,245
dogs_groups_018.jpg,474,365,dog,43,125,134,330
dogs_groups_018.jpg,474,365,dog,113,103,196,317
dogs_groups_018.jpg,474,365,dog,187,108,262,340
dogs_groups_018.jpg,474,365,dog,204,216,277,331
dogs_groups_018.jpg,474,365,dog,245,84,319,332
dogs_groups_018.jpg,474,365,dog,311,201,369,316
dogs_groups_018.jpg,474,365,dog,293,106,383,333
dogs_groups_018.jpg,474,365,dog,368,110,438,328
dogs_groups_019.jpg,474,474,dog,116,137,147,166
dogs_groups_019.jpg,474,474,dog,154,137,181,176
dogs_groups_019.jpg,474,474,dog,93,165,121,196
dogs_groups_019.jpg,474,474,dog,123,164,157,183
dogs_groups_019.jpg,474,474,dog,7,197,112,313
dogs_groups_019.jpg,474,474,dog,69,288,134,372
dogs_groups_019.jpg,474,474,dog,1,294,88,389
dogs_groups_019.jpg,474,474,dog,55,179,111,270
dogs_groups_019.jpg,474,474,dog,106,181,183,323
dogs_groups_019.jpg,474,474,dog,165,164,210,259
dogs_groups_019.jpg,474,474,dog,200,157,226,212
dogs_groups_019.jpg,474,474,dog,188,226,234,329
dogs_groups_019.jpg,474,474,dog,216,164,261,247
dogs_groups_019.jpg,474,474,dog,229,129,252,165
dogs_groups_019.jpg,474,474,dog,244,195,296,287
dogs_groups_019.jpg,474,474,dog,283,163,327,237
dogs_groups_019.jpg,474,474,dog,319,178,359,244
dogs_groups_019.jpg,474,474,dog,209,281,359,423
dogs_groups_019.jpg,474,474,dog,297,243,416,370
dogs_groups_019.jpg,474,474,dog,361,266,467,358
dogs_groups_020.jpg,474,267,dog,51,39,142,250
dogs_groups_020.jpg,474,267,dog,139,47,200,249
dogs_groups_020.jpg,474,267,dog,200,37,272,251
dogs_groups_020.jpg,474,267,dog,277,90,340,251
dogs_groups_020.jpg,474,267,dog,350,91,441,252
dogs_groups_022.jpg,474,366,dog,77,138,149,268
dogs_groups_022.jpg,474,366,dog,141,81,244,277
dogs_groups_022.jpg,474,366,dog,220,101,295,267
dogs_groups_022.jpg,474,366,dog,287,122,371,266
dogs_groups_026.jpg,474,316,dog,15,75,150,301
dogs_groups_026.jpg,474,316,dog,150,139,230,302
dogs_groups_026.jpg,474,316,dog,209,164,310,301
dogs_groups_026.jpg,474,316,dog,328,59,448,302
dogs_groups_049.jpg,474,246,dog,75,3,172,239
dogs_groups_049.jpg,474,246,dog,159,106,224,230
dogs_groups_049.jpg,474,246,dog,210,88,319,232
dogs_groups_049.jpg,474,246,dog,319,34,406,235
dogs_groups_053.jpg,474,315,dog,1,74,227,315
dogs_groups_053.jpg,474,315,dog,58,59,128,185
dogs_groups_053.jpg,474,315,dog,119,51,162,90
dogs_groups_053.jpg,474,315,dog,154,41,198,80
dogs_groups_053.jpg,474,315,dog,171,1,193,40
dogs_groups_053.jpg,474,315,dog,198,22,239,66
dogs_groups_053.jpg,474,315,dog,193,63,260,141
dogs_groups_053.jpg,474,315,dog,235,8,307,147
dogs_groups_053.jpg,474,315,dog,233,129,320,232
dogs_groups_053.jpg,474,315,dog,234,184,304,266
dogs_groups_053.jpg,474,315,dog,200,180,267,282
dogs_groups_053.jpg,474,315,dog,296,49,351,141
dogs_groups_053.jpg,474,315,dog,335,47,397,159
dogs_groups_053.jpg,474,315,dog,306,156,372,259
dogs_groups_053.jpg,474,315,dog,361,150,466,283
dogs_groups_057.jpg,474,293,dog,2,132,194,293
dogs_groups_057.jpg,474,293,dog,76,7,214,174
dogs_groups_057.jpg,474,293,dog,183,92,348,293
dogs_groups_057.jpg,474,293,dog,208,8,328,103
dogs_groups_057.jpg,474,293,dog,333,13,474,111
dogs_groups_057.jpg,474,293,dog,337,97,468,293
dogs_groups_063.jpg,474,360,dog,22,134,122,318
dogs_groups_063.jpg,474,360,dog,90,196,182,320
dogs_groups_063.jpg,474,360,dog,118,117,186,196
dogs_groups_063.jpg,474,360,dog,176,132,247,326
dogs_groups_063.jpg,474,360,dog,245,137,351,326
dogs_groups_063.jpg,474,360,dog,327,201,444,355
dogs_groups_066.jpg,474,313,dog,10,47,302,308
dogs_groups_066.jpg,474,313,dog,288,4,474,197
dogs_groups_066.jpg,474,313,dog,67,74,474,313
dogs_groups_077.jpg,474,445,dog,1,94,267,388
dogs_groups_077.jpg,474,445,dog,278,167,474,445
dogs_groups_077.jpg,474,445,dog,263,27,464,205
dogs_groups_077.jpg,474,445,dog,1,1,259,153
dogs_groups_081.jpg,474,339,dog,6,54,118,248
dogs_groups_081.jpg,474,339,dog,50,162,173,334
dogs_groups_081.jpg,474,339,dog,117,49,223,220
dogs_groups_081.jpg,474,339,dog,191,180,261,303
dogs_groups_081.jpg,474,339,dog,214,14,276,181
dogs_groups_081.jpg,474,339,dog,275,19,350,208
dogs_groups_081.jpg,474,339,dog,347,58,460,248
dogs_groups_081.jpg,474,339,dog,319,156,404,328
dogs_groups_082.jpg,474,355,dog,104,57,415,355
dogs_groups_082.jpg,474,355,dog,33,1,150,140
dogs_groups_082.jpg,474,355,dog,28,141,198,355
dogs_groups_085.jpg,474,260,dog,326,23,467,235
dogs_groups_085.jpg,474,260,dog,3,138,163,249
dogs_groups_085.jpg,474,260,dog,95,33,196,186
dogs_groups_085.jpg,474,260,dog,165,135,278,248
dogs_groups_085.jpg,474,260,dog,260,122,383,238
dogs_groups_088.jpg,474,268,dog,41,95,90,226
dogs_groups_088.jpg,474,268,dog,155,99,217,246
dogs_groups_088.jpg,474,268,dog,246,102,326,256
dogs_groups_089.jpg,474,247,dog,16,68,301,244
dogs_groups_089.jpg,474,247,dog,176,9,423,217
dogs_groups_089.jpg,474,247,dog,292,97,452,227
dog_and_monkey_000.jpg,474,675,dog,46,282,411,675
dog_and_monkey_000.jpg,474,675,monkey,23,23,474,674
dog_and_monkey_001.jpg,460,306,dog,1,41,460,306
dog_and_monkey_001.jpg,460,306,monkey,187,53,443,303
dog_and_monkey_003.jpg,474,318,monkey,13,124,277,318
dog_and_monkey_003.jpg,474,318,dog,100,14,387,289
dog_and_monkey_005.jpg,474,499,dog,106,156,407,339
dog_and_monkey_005.jpg,474,499,monkey,57,12,474,499
dog_and_monkey_012.jpg,474,355,dog,3,30,350,330
dog_and_monkey_012.jpg,474,355,monkey,325,79,471,304
dog_and_monkey_014.jpg,474,266,monkey,217,85,443,266
dog_and_monkey_014.jpg,474,266,monkey,46,58,163,250
dog_and_monkey_014.jpg,474,266,monkey,138,61,215,193
dog_and_monkey_016.jpg,474,480,dog,46,47,423,480
dog_and_monkey_019.jpg,474,355,dog,1,95,425,355
dog_and_monkey_019.jpg,474,355,monkey,59,87,224,218
dog_and_monkey_022.jpg,474,307,dog,226,1,406,186
dog_and_monkey_022.jpg,474,307,monkey,9,100,259,282
dog_and_monkey_023.jpg,474,330,dog,8,79,474,330
dog_and_monkey_023.jpg,474,330,monkey,247,49,474,266
dog_and_monkey_024.jpg,474,314,dog,1,27,464,313
dog_and_monkey_024.jpg,474,314,monkey,14,60,239,225
dog_and_monkey_028.jpg,474,306,dog,34,43,228,282
dog_and_monkey_028.jpg,474,306,monkey,12,7,474,306
dog_and_monkey_031.jpg,474,355,dog,41,28,245,332
dog_and_monkey_031.jpg,474,355,monkey,200,50,433,340
dog_and_monkey_032.jpg,474,855,dog,114,312,352,855
dog_and_monkey_032.jpg,474,855,monkey,63,11,458,437
dog_and_monkey_033.jpg,474,248,dog,203,93,474,248
dog_and_monkey_033.jpg,474,248,monkey,47,46,100,165
dog_and_monkey_033.jpg,474,248,monkey,112,31,224,174
dog_and_monkey_033.jpg,474,248,monkey,202,62,236,111
dog_and_monkey_034.jpg,474,474,dog,147,196,465,421
dog_and_monkey_034.jpg,474,474,monkey,8,20,275,378
dog_and_monkey_039.jpg,470,265,monkey,207,11,470,264
dog_and_monkey_039.jpg,470,265,dog,1,23,215,265
dog_and_monkey_040.jpg,474,648,monkey,78,6,399,648
dog_and_monkey_040.jpg,474,648,dog,1,32,330,648
dog_and_monkey_042.jpg,474,355,dog,122,29,430,281
dog_and_monkey_042.jpg,474,355,monkey,103,230,474,347
dog_and_monkey_043.jpg,450,409,dog,36,11,195,395
dog_and_monkey_043.jpg,450,409,monkey,203,95,424,364
dog_and_monkey_045.jpg,474,355,dog,1,5,409,355
dog_and_monkey_048.jpg,474,570,dog,52,124,396,539
dog_and_monkey_050.jpg,474,484,dog,51,25,457,482
dog_and_monkey_053.jpg,474,266,monkey,164,43,422,199
dog_and_monkey_053.jpg,474,266,dog,28,32,203,246
dog_and_monkey_057.jpg,474,316,dog,101,1,390,316
dog_and_monkey_063.jpg,474,317,monkey,157,32,410,307
dog_and_monkey_063.jpg,474,317,dog,175,1,384,281
dog_and_monkey_065.jpg,474,312,dog,1,1,474,312
dog_and_monkey_065.jpg,474,312,dog,63,158,187,311
dog_and_monkey_065.jpg,474,312,monkey,136,116,240,266
dog_and_monkey_078.jpg,474,316,dog,1,27,474,316
dog_and_monkey_078.jpg,474,316,monkey,65,158,255,258
dog_and_monkey_081.jpg,474,603,monkey,224,392,351,484
dog_and_monkey_081.jpg,474,603,dog,193,218,245,325
dog_and_monkey_081.jpg,474,603,dog,135,103,225,166
dog_and_monkey_081.jpg,474,603,monkey,219,132,269,165
dog_and_monkey_081.jpg,474,603,monkey,287,65,318,131
dog_and_monkey_081.jpg,474,603,monkey,320,67,350,146
dog_and_monkey_085.jpg,474,309,dog,22,74,283,237
dog_and_monkey_085.jpg,474,309,dog,257,15,353,134
dog_and_monkey_085.jpg,474,309,dog,227,65,394,276
dog_and_monkey_089.jpg,474,354,monkey,21,52,169,354
dog_and_monkey_089.jpg,474,354,dog,43,72,369,354
monkeys_000.jpg,474,711,monkey,61,93,441,621
monkeys_002.jpg,474,355,monkey,47,114,199,312
monkeys_002.jpg,474,355,monkey,219,33,385,257
monkeys_002.jpg,474,355,monkey,132,111,287,340
monkeys_003.jpg,474,316,monkey,18,30,474,316
monkeys_004.jpg,474,379,monkey,31,246,182,379
monkeys_004.jpg,474,379,monkey,82,12,287,378
monkeys_004.jpg,474,379,monkey,248,78,472,379
monkeys_005.jpg,474,266,monkey,28,14,331,255
monkeys_006.jpg,474,266,monkey,32,83,277,266
monkeys_006.jpg,474,266,monkey,174,1,474,266
monkeys_007.jpg,474,631,monkey,56,95,416,554
monkeys_008.jpg,474,266,monkey,36,1,474,266
monkeys_009.jpg,474,632,monkey,104,80,394,510
monkeys_011.jpg,474,296,monkey,83,13,269,296
monkeys_011.jpg,474,296,monkey,128,16,438,296
monkeys_012.jpg,474,315,monkey,90,133,452,314
monkeys_012.jpg,474,315,monkey,124,14,309,222
monkeys_013.jpg,333,187,monkey,27,7,143,166
monkeys_013.jpg,333,187,monkey,123,3,313,187
monkeys_014.jpg,474,712,monkey,8,194,419,712
monkeys_015.jpg,474,266,monkey,58,16,210,266
monkeys_016.jpg,474,670,monkey,70,63,431,647
monkeys_016.jpg,474,670,monkey,217,299,390,564
monkeys_017.jpg,474,315,monkey,1,1,386,315
monkeys_018.jpg,474,315,monkey,93,1,441,315
monkeys_021.jpg,474,543,monkey,45,139,224,469
monkeys_021.jpg,474,543,monkey,190,57,429,534
monkeys_023.jpg,474,316,monkey,71,35,310,316
monkeys_024.jpg,474,284,monkey,74,5,440,284
monkeys_025.jpg,474,316,monkey,121,34,474,316
monkeys_026.jpg,474,622,monkey,105,160,401,595
monkeys_026.jpg,474,622,monkey,176,78,363,494
monkeys_026.jpg,474,622,monkey,188,250,308,427
monkeys_028.jpg,474,266,monkey,1,1,281,265
monkeys_028.jpg,474,266,monkey,52,74,408,232
monkeys_028.jpg,474,266,monkey,376,160,464,266
monkeys_029.jpg,474,315,monkey,34,15,350,315
monkeys_030.jpg,474,266,monkey,80,1,412,266
monkeys_031.jpg,474,336,monkey,5,22,277,336
monkeys_032.jpg,474,315,monkey,42,12,234,315
monkeys_032.jpg,474,315,monkey,226,10,474,314
monkeys_034.jpg,474,632,monkey,43,37,474,632
monkeys_035.jpg,474,379,monkey,54,45,471,379
monkeys_036.jpg,474,266,monkey,1,13,463,266
monkeys_039.jpg,474,316,monkey,1,33,299,316
monkeys_039.jpg,474,316,monkey,251,35,474,316
monkeys_040.jpg,474,266,monkey,101,138,237,266
monkeys_040.jpg,474,266,monkey,162,4,295,215
monkeys_040.jpg,474,266,monkey,296,7,459,223
monkeys_040.jpg,474,266,monkey,246,90,331,208
monkeys_041.jpg,474,315,monkey,64,38,455,315
monkeys_042.jpg,474,339,monkey,1,87,184,339
monkeys_042.jpg,474,339,monkey,267,43,473,336
monkeys_042.jpg,474,339,monkey,151,6,331,303
monkeys_042.jpg,474,339,monkey,139,142,248,302
monkeys_043.jpg,474,315,monkey,184,46,367,311
monkeys_044.jpg,474,355,monkey,22,56,242,355
monkeys_044.jpg,474,355,monkey,180,59,463,354
monkeys_045.jpg,474,355,monkey,1,16,198,337
monkeys_045.jpg,474,355,monkey,106,104,197,204
monkeys_045.jpg,474,355,monkey,200,84,457,355
monkeys_045.jpg,474,355,monkey,272,12,434,153
monkeys_045.jpg,474,355,monkey,364,153,473,355
monkeys_049.jpg,474,710,monkey,24,122,367,702
monkeys_050.jpg,474,315,monkey,59,33,409,315
monkeys_051.jpg,474,314,monkey,73,1,297,314
monkeys_052.jpg,474,474,monkey,1,61,441,474
monkeys_052.jpg,474,474,monkey,1,150,67,347
monkeys_053.jpg,474,413,monkey,119,78,429,413
monkeys_054.jpg,474,321,monkey,156,5,471,321
monkeys_056.jpg,474,475,monkey,72,32,421,439
monkeys_057.jpg,474,248,monkey,66,11,353,248
monkeys_058.jpg,474,474,monkey,5,34,473,474
monkeys_061.jpg,474,316,monkey,53,91,292,316
monkeys_061.jpg,474,316,monkey,248,43,472,316
monkeys_063.jpg,474,355,monkey,127,63,450,355
monkeys_064.jpg,474,311,monkey,125,4,314,277
monkeys_064.jpg,474,311,monkey,270,61,417,309
monkeys_066.jpg,474,266,monkey,95,25,462,266
monkeys_067.jpg,474,316,monkey,71,37,289,309
monkeys_068.jpg,474,316,monkey,1,31,254,302
monkeys_068.jpg,474,316,monkey,176,32,392,316
monkeys_068.jpg,474,316,monkey,74,124,133,195
monkeys_068.jpg,474,316,monkey,258,175,437,301
monkeys_068.jpg,474,316,monkey,322,35,379,125
monkeys_068.jpg,474,316,monkey,333,110,404,179
monkeys_069.jpg,474,237,monkey,1,14,155,237
monkeys_069.jpg,474,237,monkey,127,24,210,237
monkeys_069.jpg,474,237,monkey,195,82,291,237
monkeys_069.jpg,474,237,monkey,272,53,348,237
monkeys_069.jpg,474,237,monkey,348,88,443,237
monkeys_070.jpg,474,266,monkey,44,6,315,263
monkeys_071.jpg,474,357,monkey,32,104,474,319
monkeys_071.jpg,474,357,monkey,146,47,473,278
monkeys_072.jpg,474,355,monkey,14,30,186,261
monkeys_072.jpg,474,355,monkey,141,81,331,355
monkeys_072.jpg,474,355,monkey,278,143,441,343
monkeys_073.jpg,474,327,monkey,15,27,365,302
monkeys_075.jpg,474,315,monkey,67,106,176,228
monkeys_075.jpg,474,315,monkey,146,119,219,249
monkeys_075.jpg,474,315,monkey,208,115,321,255
monkeys_075.jpg,474,315,monkey,316,34,429,240
monkeys_075.jpg,474,315,monkey,304,1,474,189
monkeys_076.jpg,474,474,monkey,105,46,423,474
monkeys_077.jpg,474,266,monkey,114,14,329,266
monkeys_078.jpg,474,328,monkey,144,7,331,322
monkeys_079.jpg,474,355,monkey,116,5,474,355
monkeys_080.jpg,474,355,monkey,86,1,471,355
monkeys_082.jpg,474,424,monkey,61,24,379,424
monkeys_082.jpg,474,424,monkey,99,92,374,424
monkeys_083.jpg,474,379,monkey,1,25,227,376
monkeys_083.jpg,474,379,monkey,235,33,474,379
monkeys_083.jpg,474,379,monkey,183,210,302,379
monkeys_084.jpg,474,314,monkey,90,7,375,312
monkeys_086.jpg,474,266,monkey,104,15,226,160
monkeys_086.jpg,474,266,monkey,163,4,474,265
monkeys_087.jpg,474,265,monkey,106,12,413,265
monkeys_089.jpg,474,484,monkey,1,176,362,483
monkeys_089.jpg,474,484,monkey,242,100,450,432
monkeys_090.jpg,474,266,monkey,135,11,355,266
monkeys_091.jpg,474,631,monkey,76,98,354,630
monkeys_092.jpg,474,266,monkey,69,1,474,266
monkeys_094.jpg,474,355,monkey,31,4,474,355
monkeys_095.jpg,474,266,monkey,27,67,92,178
monkeys_095.jpg,474,266,monkey,69,85,202,251
monkeys_095.jpg,474,266,monkey,187,157,276,255
monkeys_095.jpg,474,266,monkey,262,101,357,231
monkeys_095.jpg,474,266,monkey,368,37,458,202
monkeys_095.jpg,474,266,monkey,353,101,436,205
monkeys_097.jpg,474,266,monkey,24,6,188,266
monkeys_097.jpg,474,266,monkey,147,50,289,266
monkeys_097.jpg,474,266,monkey,248,1,455,266
monkeys_098.jpg,474,330,monkey,51,130,224,305
monkeys_098.jpg,474,330,monkey,246,156,472,313
monkeys_099.jpg,474,266,monkey,49,46,204,263
monkeys_099.jpg,474,266,monkey,192,13,460,266
monkeys_100.jpg,474,632,monkey,60,76,450,630
monkey_groups_000.jpg,474,328,monkey,9,74,62,295
monkey_groups_000.jpg,474,328,monkey,25,66,110,295
monkey_groups_000.jpg,474,328,monkey,88,62,183,295
monkey_groups_000.jpg,474,328,monkey,202,56,272,314
monkey_groups_000.jpg,474,328,monkey,238,41,349,324
monkey_groups_000.jpg,474,328,monkey,279,42,430,328
monkey_groups_000.jpg,474,328,monkey,365,68,463,328
monkey_groups_001.jpg,474,316,monkey,68,63,182,193
monkey_groups_001.jpg,474,316,monkey,19,148,98,285
monkey_groups_001.jpg,474,316,monkey,86,193,220,316
monkey_groups_001.jpg,474,316,monkey,231,159,378,291
monkey_groups_001.jpg,474,316,monkey,268,71,334,189
monkey_groups_001.jpg,474,316,monkey,319,4,453,205
monkey_groups_001.jpg,474,316,monkey,261,1,335,38
monkey_groups_002.jpg,474,339,monkey,264,42,474,339
monkey_groups_002.jpg,474,339,monkey,1,84,185,339
monkey_groups_002.jpg,474,339,monkey,140,8,331,306
monkey_groups_002.jpg,474,339,monkey,186,143,248,206
monkey_groups_003.jpg,474,326,monkey,29,4,234,317
monkey_groups_003.jpg,474,326,monkey,362,14,473,317
monkey_groups_003.jpg,474,326,monkey,187,24,459,321
monkey_groups_003.jpg,474,326,monkey,207,115,339,321
monkey_groups_003.jpg,474,326,monkey,43,139,105,215
monkey_groups_004.jpg,474,316,monkey,64,115,154,176
monkey_groups_004.jpg,474,316,monkey,36,168,135,274
monkey_groups_004.jpg,474,316,monkey,130,136,241,308
monkey_groups_004.jpg,474,316,monkey,191,89,285,278
monkey_groups_004.jpg,474,316,monkey,250,18,423,304
monkey_groups_004.jpg,474,316,monkey,380,93,454,275
monkey_groups_004.jpg,474,316,monkey,350,83,384,146
monkey_groups_007.jpg,474,315,monkey,1,83,187,259
monkey_groups_007.jpg,474,315,monkey,92,15,149,84
monkey_groups_007.jpg,474,315,monkey,266,175,353,278
monkey_groups_007.jpg,474,315,monkey,353,177,474,283
monkey_groups_007.jpg,474,315,monkey,379,66,474,216
monkey_groups_007.jpg,474,315,monkey,310,91,432,218
monkey_groups_007.jpg,474,315,monkey,169,121,212,161
monkey_groups_007.jpg,474,315,monkey,196,131,236,185
monkey_groups_007.jpg,474,315,monkey,204,105,263,211
monkey_groups_007.jpg,474,315,monkey,219,111,288,223
monkey_groups_007.jpg,474,315,monkey,264,101,336,222
monkey_groups_007.jpg,474,315,monkey,135,23,254,132
monkey_groups_009.jpg,474,293,monkey,56,17,170,260
monkey_groups_009.jpg,474,293,monkey,127,18,172,98
monkey_groups_009.jpg,474,293,monkey,151,6,466,293
monkey_groups_009.jpg,474,293,monkey,249,39,450,281
monkey_groups_009.jpg,474,293,monkey,356,48,423,224
monkey_groups_013.jpg,474,237,monkey,1,13,156,237
monkey_groups_013.jpg,474,237,monkey,131,23,211,237
monkey_groups_013.jpg,474,237,monkey,197,81,289,237
monkey_groups_013.jpg,474,237,monkey,277,54,348,237
monkey_groups_013.jpg,474,237,monkey,348,86,444,237
monkey_groups_014.jpg,474,315,monkey,1,38,159,265
monkey_groups_014.jpg,474,315,monkey,141,80,360,299
monkey_groups_014.jpg,474,315,monkey,283,74,474,284
monkey_groups_015.jpg,474,355,monkey,1,91,134,343
monkey_groups_015.jpg,474,355,monkey,108,69,281,346
monkey_groups_015.jpg,474,355,monkey,195,60,320,346
monkey_groups_015.jpg,474,355,monkey,216,155,311,321
monkey_groups_015.jpg,474,355,monkey,307,165,367,301
monkey_groups_015.jpg,474,355,monkey,313,54,474,346
monkey_groups_016.jpg,474,314,monkey,1,101,87,249
monkey_groups_016.jpg,474,314,monkey,69,96,164,211
monkey_groups_016.jpg,474,314,monkey,77,34,189,196
monkey_groups_016.jpg,474,314,monkey,180,129,229,207
monkey_groups_016.jpg,474,314,monkey,196,85,251,140
monkey_groups_016.jpg,474,314,monkey,219,122,297,311
monkey_groups_016.jpg,474,314,monkey,246,73,290,122
monkey_groups_016.jpg,474,314,monkey,288,71,474,314
monkey_groups_017.jpg,474,256,monkey,15,136,139,256
monkey_groups_017.jpg,474,256,monkey,142,166,271,256
monkey_groups_017.jpg,474,256,monkey,76,1,191,100
monkey_groups_017.jpg,474,256,monkey,259,81,382,256
monkey_groups_017.jpg,474,256,monkey,334,82,377,154
monkey_groups_017.jpg,474,256,monkey,366,47,474,256
monkey_groups_017.jpg,474,256,monkey,130,52,219,126
monkey_groups_017.jpg,474,256,monkey,314,29,374,82
monkey_groups_017.jpg,474,256,monkey,217,19,297,81
monkey_groups_017.jpg,474,256,monkey,343,1,391,36
monkey_groups_017.jpg,474,256,monkey,383,14,432,57
monkey_groups_017.jpg,474,256,monkey,70,97,128,145
monkey_groups_017.jpg,474,256,monkey,1,121,63,189
monkey_groups_018.jpg,474,237,monkey,30,24,183,237
monkey_groups_018.jpg,474,237,monkey,179,31,306,237
monkey_groups_018.jpg,474,237,monkey,253,42,326,137
monkey_groups_018.jpg,474,237,monkey,299,70,455,237
monkey_groups_018.jpg,474,237,monkey,174,5,255,49
monkey_groups_020.jpg,474,316,monkey,194,172,474,315
monkey_groups_020.jpg,474,316,monkey,238,128,398,207
monkey_groups_020.jpg,474,316,monkey,1,57,125,240
monkey_groups_020.jpg,474,316,monkey,76,139,182,249
monkey_groups_021.jpg,474,316,monkey,3,132,78,306
monkey_groups_021.jpg,474,316,monkey,34,1,198,305
monkey_groups_021.jpg,474,316,monkey,126,73,312,316
monkey_groups_021.jpg,474,316,monkey,361,224,431,316
monkey_groups_021.jpg,474,316,monkey,262,185,354,316
monkey_groups_022.jpg,474,316,monkey,1,130,197,316
monkey_groups_022.jpg,474,316,monkey,324,175,458,316
monkey_groups_022.jpg,474,316,monkey,132,145,251,316
monkey_groups_022.jpg,474,316,monkey,1,92,97,200
monkey_groups_022.jpg,474,316,monkey,81,1,201,110
monkey_groups_022.jpg,474,316,monkey,115,78,170,143
monkey_groups_022.jpg,474,316,monkey,160,86,219,147
monkey_groups_022.jpg,474,316,monkey,223,99,285,159
monkey_groups_022.jpg,474,316,monkey,221,10,301,98
monkey_groups_022.jpg,474,316,monkey,278,70,341,128
monkey_groups_022.jpg,474,316,monkey,362,104,438,180
monkey_groups_022.jpg,474,316,monkey,380,44,462,109
monkey_groups_022.jpg,474,316,monkey,253,118,389,316
monkey_groups_022.jpg,474,316,monkey,283,224,322,273
monkey_groups_024.jpg,474,318,monkey,64,91,175,231
monkey_groups_024.jpg,474,318,monkey,44,106,336,318
monkey_groups_024.jpg,474,318,monkey,236,187,318,278
monkey_groups_024.jpg,474,318,monkey,212,23,451,318
monkey_groups_025.jpg,474,265,monkey,198,12,290,158
monkey_groups_025.jpg,474,265,monkey,85,69,150,195
monkey_groups_025.jpg,474,265,monkey,22,183,202,265
monkey_groups_025.jpg,474,265,monkey,205,189,272,265
monkey_groups_025.jpg,474,265,monkey,156,128,211,262
monkey_groups_025.jpg,474,265,monkey,277,71,415,250
monkey_groups_025.jpg,474,265,monkey,342,59,406,128
monkey_groups_025.jpg,474,265,monkey,395,99,461,225
monkey_groups_026.jpg,474,266,monkey,57,70,90,144
monkey_groups_026.jpg,474,266,monkey,117,25,178,164
monkey_groups_026.jpg,474,266,monkey,169,26,223,166
monkey_groups_026.jpg,474,266,monkey,250,20,298,150
monkey_groups_026.jpg,474,266,monkey,188,130,244,250
monkey_groups_026.jpg,474,266,monkey,296,10,350,77
monkey_groups_026.jpg,474,266,monkey,376,10,429,121
monkey_groups_026.jpg,474,266,monkey,257,164,305,266
monkey_groups_028.jpg,474,363,monkey,38,4,211,363
monkey_groups_028.jpg,474,363,monkey,204,21,376,363
monkey_groups_028.jpg,474,363,monkey,302,40,474,330
monkey_groups_028.jpg,474,363,monkey,1,29,76,133
monkey_groups_028.jpg,474,363,monkey,166,28,244,133
monkey_groups_028.jpg,474,363,monkey,185,98,391,356
monkey_groups_030.jpg,474,299,monkey,44,19,131,201
monkey_groups_030.jpg,474,299,monkey,87,66,160,209
monkey_groups_030.jpg,474,299,monkey,147,75,208,207
monkey_groups_030.jpg,474,299,monkey,195,43,259,155
monkey_groups_030.jpg,474,299,monkey,204,57,327,234
monkey_groups_030.jpg,474,299,monkey,278,60,374,245
monkey_groups_030.jpg,474,299,monkey,357,70,458,240
monkey_groups_043.jpg,474,248,monkey,23,1,245,248
monkey_groups_043.jpg,474,248,monkey,240,85,432,247
monkey_groups_045.jpg,474,292,monkey,36,78,143,276
monkey_groups_045.jpg,474,292,monkey,291,96,379,249
monkey_groups_045.jpg,474,292,monkey,397,161,456,251
monkey_groups_045.jpg,474,292,monkey,187,103,236,190
monkey_groups_045.jpg,474,292,monkey,213,98,274,189
monkey_groups_045.jpg,474,292,monkey,250,140,297,198
monkey_groups_045.jpg,474,292,monkey,273,117,297,160
monkey_groups_050.jpg,474,266,monkey,3,140,62,204
monkey_groups_050.jpg,474,266,monkey,50,130,266,217
monkey_groups_050.jpg,474,266,monkey,183,102,344,213
monkey_groups_050.jpg,474,266,monkey,384,54,461,198
monkey_groups_050.jpg,474,266,monkey,100,81,165,176
monkey_groups_050.jpg,474,266,monkey,138,13,362,100
monkey_groups_050.jpg,474,266,monkey,364,33,396,79
monkey_groups_050.jpg,474,266,monkey,320,31,405,199
monkey_groups_055.jpg,474,387,monkey,12,30,145,266
monkey_groups_055.jpg,474,387,monkey,143,172,252,359
monkey_groups_055.jpg,474,387,monkey,246,39,419,311
monkey_groups_057.jpg,474,296,monkey,1,201,102,296
monkey_groups_057.jpg,474,296,monkey,42,65,164,253
monkey_groups_057.jpg,474,296,monkey,175,67,297,230
monkey_groups_057.jpg,474,296,monkey,305,39,425,220
monkey_groups_059.jpg,474,316,monkey,1,131,191,316
monkey_groups_059.jpg,474,316,monkey,132,146,248,316
monkey_groups_059.jpg,474,316,monkey,328,178,460,316
monkey_groups_059.jpg,474,316,monkey,270,120,389,264
monkey_groups_059.jpg,474,316,monkey,274,224,324,273
monkey_groups_059.jpg,474,316,monkey,1,93,99,199
monkey_groups_059.jpg,474,316,monkey,12,1,101,96
monkey_groups_059.jpg,474,316,monkey,80,1,201,116
monkey_groups_059.jpg,474,316,monkey,106,78,170,147
monkey_groups_059.jpg,474,316,monkey,223,9,302,104
monkey_groups_059.jpg,474,316,monkey,161,88,221,147
monkey_groups_059.jpg,474,316,monkey,221,100,283,170
monkey_groups_059.jpg,474,316,monkey,274,70,338,121
monkey_groups_059.jpg,474,316,monkey,361,103,437,180
monkey_groups_059.jpg,474,316,monkey,382,39,460,119
monkey_groups_060.jpg,474,316,monkey,10,64,127,239
monkey_groups_060.jpg,474,316,monkey,53,69,222,274
monkey_groups_060.jpg,474,316,monkey,235,64,309,128
monkey_groups_060.jpg,474,316,monkey,227,107,438,252
monkey_groups_060.jpg,474,316,monkey,141,122,256,258
monkey_groups_060.jpg,474,316,monkey,370,73,425,132
monkey_groups_066.jpg,474,266,monkey,185,13,366,266
monkey_groups_070.jpg,474,316,monkey,20,168,144,316
monkey_groups_070.jpg,474,316,monkey,125,152,246,316
monkey_groups_070.jpg,474,316,monkey,206,119,323,316
monkey_groups_070.jpg,474,316,monkey,266,147,368,316
monkey_groups_070.jpg,474,316,monkey,371,155,446,316
monkey_groups_070.jpg,474,316,monkey,361,236,429,310
monkey_groups_070.jpg,474,316,monkey,46,127,123,199
monkey_groups_070.jpg,474,316,monkey,15,14,74,119
monkey_groups_070.jpg,474,316,monkey,42,99,97,138
monkey_groups_070.jpg,474,316,monkey,1,134,46,312
monkey_groups_070.jpg,474,316,monkey,75,24,135,60
monkey_groups_070.jpg,474,316,monkey,83,46,143,102
monkey_groups_070.jpg,474,316,monkey,105,81,152,127
monkey_groups_070.jpg,474,316,monkey,154,58,230,121
monkey_groups_070.jpg,474,316,monkey,137,122,206,164
monkey_groups_070.jpg,474,316,monkey,193,88,257,137
monkey_groups_070.jpg,474,316,monkey,237,52,299,116
monkey_groups_070.jpg,474,316,monkey,290,110,353,150
monkey_groups_070.jpg,474,316,monkey,292,70,361,123
monkey_groups_070.jpg,474,316,monkey,348,125,399,191
monkey_groups_070.jpg,474,316,monkey,386,100,474,316
monkey_groups_070.jpg,474,316,monkey,357,67,395,119
monkey_groups_070.jpg,474,316,monkey,386,59,438,103
monkey_groups_070.jpg,474,316,monkey,328,32,392,77
monkey_groups_070.jpg,474,316,monkey,188,25,235,70
monkey_groups_070.jpg,474,316,monkey,44,55,83,99
monkey_groups_072.jpg,474,315,monkey,18,10,104,186
monkey_groups_072.jpg,474,315,monkey,79,38,206,211
monkey_groups_072.jpg,474,315,monkey,195,61,316,234
monkey_groups_072.jpg,474,315,monkey,312,94,474,296
monkey_groups_074.jpg,474,315,monkey,68,78,203,266
monkey_groups_074.jpg,474,315,monkey,19,141,116,253
monkey_groups_074.jpg,474,315,monkey,87,145,154,263
monkey_groups_074.jpg,474,315,monkey,204,50,303,176
monkey_groups_074.jpg,474,315,monkey,212,146,285,254
monkey_groups_074.jpg,474,315,monkey,356,85,474,268
monkey_groups_074.jpg,474,315,monkey,215,70,380,290
monkey_groups_078.jpg,474,331,monkey,1,26,135,247
monkey_groups_078.jpg,474,331,monkey,1,22,252,308
monkey_groups_078.jpg,474,331,monkey,195,122,312,320
monkey_groups_078.jpg,474,331,monkey,248,52,446,331
monkey_groups_078.jpg,474,331,monkey,276,131,404,282
monkey_groups_082.jpg,474,266,monkey,1,7,330,266
monkey_groups_083.jpg,474,318,monkey,207,96,253,177
monkey_groups_083.jpg,474,318,monkey,234,26,264,75
monkey_groups_083.jpg,474,318,monkey,130,31,174,97
monkey_groups_083.jpg,474,318,monkey,23,74,72,160
monkey_groups_083.jpg,474,318,monkey,1,192,125,316
monkey_groups_083.jpg,474,318,monkey,134,274,193,318
monkey_groups_083.jpg,474,318,monkey,60,37,107,113
monkey_groups_083.jpg,474,318,monkey,108,68,172,150
monkey_groups_083.jpg,474,318,monkey,30,100,121,170
monkey_groups_083.jpg,474,318,monkey,62,156,156,267
monkey_groups_083.jpg,474,318,monkey,114,138,171,243
monkey_groups_083.jpg,474,318,monkey,66,11,98,51
monkey_groups_083.jpg,474,318,monkey,261,194,368,297
monkey_groups_083.jpg,474,318,monkey,370,188,419,318
monkey_groups_083.jpg,474,318,monkey,375,134,434,224
monkey_groups_083.jpg,474,318,monkey,311,130,373,200
monkey_groups_083.jpg,474,318,monkey,268,106,335,193
monkey_groups_083.jpg,474,318,monkey,305,26,345,91
monkey_groups_083.jpg,474,318,monkey,359,73,405,125
monkey_groups_083.jpg,474,318,monkey,317,61,352,115
monkey_groups_084.jpg,474,315,monkey,52,132,107,297
monkey_groups_084.jpg,474,315,monkey,93,131,186,300
monkey_groups_084.jpg,474,315,monkey,171,103,252,284
monkey_groups_084.jpg,474,315,monkey,232,57,349,242
monkey_groups_084.jpg,474,315,monkey,323,34,421,184
monkey_groups_093.jpg,474,322,monkey,1,234,104,322
monkey_groups_093.jpg,474,322,monkey,96,232,187,322
monkey_groups_093.jpg,474,322,monkey,247,218,376,322
monkey_groups_093.jpg,474,322,monkey,381,156,472,322
monkey_groups_093.jpg,474,322,monkey,363,252,418,303
monkey_groups_093.jpg,474,322,monkey,1,119,72,229
monkey_groups_093.jpg,474,322,monkey,56,81,106,158
monkey_groups_093.jpg,474,322,monkey,17,59,69,118
monkey_groups_093.jpg,474,322,monkey,100,83,178,154
monkey_groups_093.jpg,474,322,monkey,94,145,186,235
monkey_groups_093.jpg,474,322,monkey,192,178,274,274
monkey_groups_093.jpg,474,322,monkey,309,146,379,239
monkey_groups_093.jpg,474,322,monkey,222,124,290,201
monkey_groups_093.jpg,474,322,monkey,126,26,192,89
monkey_groups_093.jpg,474,322,monkey,72,11,124,55
monkey_groups_093.jpg,474,322,monkey,235,1,287,51
monkey_groups_093.jpg,474,322,monkey,304,69,359,133
monkey_groups_093.jpg,474,322,monkey,364,78,433,145
monkey_groups_093.jpg,474,322,monkey,423,38,474,107
monkey_groups_093.jpg,474,322,monkey,355,3,408,41
monkey_groups_093.jpg,474,322,monkey,303,1,349,40
monkey_groups_093.jpg,474,322,monkey,1,21,44,77
monkey_groups_093.jpg,474,322,monkey,230,83,308,154
monkey_groups_095.jpg,474,300,monkey,46,18,130,201
monkey_groups_095.jpg,474,300,monkey,64,70,150,212
monkey_groups_095.jpg,474,300,monkey,146,77,211,206
monkey_groups_095.jpg,474,300,monkey,195,48,260,155
monkey_groups_095.jpg,474,300,monkey,203,55,320,233
monkey_groups_095.jpg,474,300,monkey,277,61,371,245
monkey_groups_095.jpg,474,300,monkey,348,68,459,238
monkey_groups_097.jpg,474,316,monkey,23,109,141,296
monkey_groups_097.jpg,474,316,monkey,104,142,172,249
monkey_groups_097.jpg,474,316,monkey,161,113,258,283
monkey_groups_097.jpg,474,316,monkey,207,120,260,164
monkey_groups_097.jpg,474,316,monkey,233,146,285,273
monkey_groups_097.jpg,474,316,monkey,330,92,461,270
monkey_groups_097.jpg,474,316,monkey,257,115,361,272
monkey_groups_099.jpg,474,266,monkey,18,9,302,266
monkey_groups_099.jpg,474,266,monkey,17,137,233,239
